{
    "rmse": 0.4312105645897359,
    "mae": 0.4034657692016948,
    "r2": 0.2511988827680247
}