{
    "rmse": 0.4233715395055865,
    "mae": 0.38719681350915214,
    "r2": 0.27817649741985706
}